--BANK DATA
insert into bank (bankno, bankname, bankcode, bankaddress, bankemail) values ('BN12345', 'PHOENIX BANK', 'PH597164', '23 Main Street, New York, NY 10001', 'info@phoenixbank.com');


--BRANCHES DATA
insert into branches (branchno,bankno,branchname,branchphone,branchaddress,branchcity,branchemail,branchstate) values ( 'BR00123', 'BN12345', 'New York Main Branch', '212-555-1234','23 Main Street New York, NY 10001','New York', 'ny_main@phoenixbank.com','New York');
insert into branches (branchno,bankno,branchname,branchphone,branchaddress,branchcity,branchemail,branchstate) values ( 'BR00567', 'BN12345', 'Los Angeles Downtown Branch','213-555-2345', '456 Elm Avenue, Los Angeles, CA 90001','Los Angeles','la_downtown@phoenixbank.com','California');
insert into branches (branchno,bankno,branchname,branchphone,branchaddress,branchcity,branchemail,branchstate) values ( 'BR01234', 'BN12345', 'Chicago Financial District Branch','312-555-3456', '789 Oak Street, Chicago, IL 60601','Chicago', 'la_downtown2@phoenixbank.com','Illinois');
insert into branches (branchno,bankno,branchname,branchphone,branchaddress,branchcity,branchemail,branchstate) values ( 'BR02345', 'BN12345', 'Houston Westside Branch', '713-555-4567','321 Maple Drive, Houston, TX 77001','Houston', 'houston_westside@phoenixbank.com','Texas');
insert into branches (branchno,bankno,branchname,branchphone,branchaddress,branchcity,branchemail,branchstate) values ( 'BR03456', 'BN12345', 'Miami Beach Branch','305-555-5678','654 Palm Boulevard, Miami, FL 33101','Miami','miami_beach@phoenixbank.com', 'Florida');
insert into branches (branchno,bankno,branchname,branchphone,branchaddress,branchcity,branchemail,branchstate) values ( 'BR04567', 'BN12345', 'San Francisco Financial Center Branch','415-555-6789','987 Pine Street, San Francisco, CA 94101','San Francisco','miami2_beach@phoenixbank.com','California');
insert into branches (branchno,bankno,branchname,branchphone,branchaddress,branchcity,branchemail,branchstate) values ( 'BR05678', 'BN12345', 'Seattle Downtown Branch','206-555-7890','543 Cedar Avenue, Seattle, WA 98101','Seattle','seattle_downtown@phoenixbank.com','Washington');
insert into branches (branchno,bankno,branchname,branchphone,branchaddress,branchcity,branchemail,branchstate) values ( 'BR06789', 'BN12345', 'Dallas Central Branch','214-555-8901', '876 Walnut Lane, Dallas, TX 75201', 'Dallas', 'dallas_central@phoenixbank.com', 'Texas');
insert into branches (branchno,bankno,branchname,branchphone,branchaddress,branchcity,branchemail,branchstate) values ( 'BR07890', 'BN12345', 'Boston Harbor Branch','617-555-9012', '210 Cherry Street, Boston, MA 02101', 'Boston', 'boston2_harbor@phoenixbank.com', 'Mass');
insert into branches (branchno,bankno,branchname,branchphone,branchaddress,branchcity,branchemail,branchstate) values ( 'BR08901', 'BN12345', 'Atlanta Midtown Branch','404-555-0123', '543 Peachtree Road, Atlanta, GA 30301','Atlanta', 'atlanta_midtown@phoenixbank.com','Georgia');

--CUSTOMERS DATA
insert into customers (custno, branchno, custfirstname, custlastname, custphone, custemail, custaddress, custcity, custstate, custzip, custdate_of_birth, custbal) values (1,'BR08901', 'Tirrell', 'Copcott', '309-647-8180', 'tcopcott0@google.pl', '60', 'Carol Stream', 'Illinois', '60158', '10-Oct-2022', 915201);
insert into customers (custno, branchno, custfirstname, custlastname, custphone, custemail, custaddress, custcity, custstate, custzip, custdate_of_birth, custbal) values (2,'BR00567', 'Lorne', 'Birden', '915-572-5294', 'lbirden1@aboutads.info', '325', 'El Paso', 'Texas', '88525', '28-Oct-2022', 252790);
insert into customers (custno, branchno, custfirstname, custlastname, custphone, custemail, custaddress, custcity, custstate, custzip, custdate_of_birth, custbal) values (3, 'BR00567','Rheba', 'Gorioli', '810-510-4401', 'rgorioli2@prlog.org', '3', 'Flint', 'Michigan', '48550', '24-Oct-2022', 596899);
insert into customers (custno, branchno, custfirstname, custlastname, custphone, custemail, custaddress, custcity, custstate, custzip, custdate_of_birth, custbal) values (4, 'BR00567','Dominga', 'Cahalan', '210-802-6731', 'dcahalan3@woothemes.com', '60036', 'San Antonio', 'Texas', '78265', '22-Oct-2022', 664380);
insert into customers (custno, branchno, custfirstname, custlastname, custphone, custemail, custaddress, custcity, custstate, custzip, custdate_of_birth, custbal) values (5,'BR00123', 'Dulcinea', 'Yurevich', '312-276-4008', 'dyurevich4@w3.org', '852', 'Chicago', 'Illinois', '60646', '07-Jul-2022', 156331);
insert into customers (custno, branchno, custfirstname, custlastname, custphone, custemail, custaddress, custcity, custstate, custzip, custdate_of_birth, custbal) values (6, 'BR00567','Gaspard', 'Gostage', '513-555-5203', 'ggostage5@vkontakte.ru', '0339', 'Cincinnati', 'Ohio', '45254', '14-Mar-2023', 124931);
insert into customers (custno, branchno, custfirstname, custlastname, custphone, custemail, custaddress, custcity, custstate, custzip, custdate_of_birth, custbal) values (7, 'BR01234','Gil', 'Hall-Gough', '716-159-7278', 'ghallgough6@facebook.com', '10793', 'Buffalo', 'New York', '14233', '26-Apr-2023', 328328);
insert into customers (custno, branchno, custfirstname, custlastname, custphone, custemail, custaddress, custcity, custstate, custzip, custdate_of_birth, custbal) values (8,'BR01234', 'Rois', 'Paskin', '951-886-2220', 'rpaskin7@example.com', '9398', 'Riverside', 'California', '92513', '14-Nov-2022', 33494);
insert into customers (custno, branchno, custfirstname, custlastname, custphone, custemail, custaddress, custcity, custstate, custzip, custdate_of_birth, custbal) values (9,'BR01234', 'Rosamond', 'Duchasteau', '706-102-9935', 'rduchasteau8@instagram.com', '14', 'Athens', 'Georgia', '30605', '14-Oct-2022', 7887);
insert into customers (custno, branchno, custfirstname, custlastname, custphone, custemail, custaddress, custcity, custstate, custzip, custdate_of_birth, custbal) values (10,'BR00123', 'Ola', 'Naisbet', '920-879-1865', 'onaisbet9@lycos.com', '13037', 'Appleton', 'Wisconsin', '54915', '05-Sep-2022', 520056);
insert into customers (custno, branchno, custfirstname, custlastname, custphone, custemail, custaddress, custcity, custstate, custzip, custdate_of_birth, custbal) values (11,'BR00567', 'Sukey', 'McDermot', '818-683-2791', 'smcdermota@ft.com', '2', 'Los Angeles', 'California', '90010', '10-Oct-2022', 125712);
insert into customers (custno, branchno, custfirstname, custlastname, custphone, custemail, custaddress, custcity, custstate, custzip, custdate_of_birth, custbal) values (12,'BR00567', 'Michele', 'Copner', '214-652-0954', 'mcopnerb@cornell.edu', '477', 'Dallas', 'Texas', '75323', '20-Sep-2022', 868302);
insert into customers (custno, branchno, custfirstname, custlastname, custphone, custemail, custaddress, custcity, custstate, custzip, custdate_of_birth, custbal) values (13,'BR01234', 'Therese', 'Fannon', '863-527-0623', 'tfannonc@xinhuanet.com', '07692', 'Lehigh Acres', 'Florida', '33972', '10-Jan-2023', 215776);
insert into customers (custno, branchno, custfirstname, custlastname, custphone, custemail, custaddress, custcity, custstate, custzip, custdate_of_birth, custbal) values (14,'BR00123', 'Simonne', 'Knight', '619-429-9066', 'sknightd@smh.com.au', '32922', 'San Diego', 'California', '92191', '09-Mar-2023', 503804);
insert into customers (custno, branchno, custfirstname, custlastname, custphone, custemail, custaddress, custcity, custstate, custzip, custdate_of_birth, custbal) values (15,'BR01234', 'Amelia', 'Scotchmoor', '504-416-3052', 'ascotchmoore@mozilla.com', '57', 'New Orleans', 'Louisiana', '70142', '26-Jul-2022', 534251);
insert into customers (custno, branchno, custfirstname, custlastname, custphone, custemail, custaddress, custcity, custstate, custzip, custdate_of_birth, custbal) values (16,'BR01234', 'Freeland', 'Tomblett', '941-836-5956', 'ftomblettf@forbes.com', '277', 'Sarasota', 'Florida', '34233', '19-Sep-2022', 262417);
insert into customers (custno, branchno, custfirstname, custlastname, custphone, custemail, custaddress, custcity, custstate, custzip, custdate_of_birth, custbal) values (17, 'BR01234','Pauline', 'Celier', '412-220-8758', 'pcelierg@amazon.co.uk', '2', 'Pittsburgh', 'Pennsylvania', '15215', '30-Jul-2022', 734408);
insert into customers (custno, branchno, custfirstname, custlastname, custphone, custemail, custaddress, custcity, custstate, custzip, custdate_of_birth, custbal) values (18,'BR00123', 'Audry', 'Barnish', '210-663-4521', 'abarnishh@geocities.jp', '202', 'San Antonio', 'Texas', '78250', '11-Feb-2023', 46818);
insert into customers (custno, branchno, custfirstname, custlastname, custphone, custemail, custaddress, custcity, custstate, custzip, custdate_of_birth, custbal) values (19, 'BR00567','Rurik', 'Briston', '972-617-7645', 'rbristoni@vinaora.com', '378', 'Dallas', 'Texas', '75287', '28-Dec-2022', 6334);
insert into customers (custno, branchno, custfirstname, custlastname, custphone, custemail, custaddress, custcity, custstate, custzip, custdate_of_birth, custbal) values (20, 'BR01234','Dana', 'FitzGeorge', '702-627-1829', 'dfitzgeorgej@yahoo.com', '2', 'Henderson', 'Nevada', '89012', '23-Jun-2023', 20406);
insert into customers (custno, branchno, custfirstname, custlastname, custphone, custemail, custaddress, custcity, custstate, custzip, custdate_of_birth, custbal) values (21,'BR00123', 'Aubrey', 'Dumigan', '224-333-5961', 'adumigank@people.com.cn', '28', 'Chicago', 'Illinois', '60604', '06-May-2023', 584577);
insert into customers (custno, branchno, custfirstname, custlastname, custphone, custemail, custaddress, custcity, custstate, custzip, custdate_of_birth, custbal) values (22, 'BR01234','Terence', 'Cianelli', '510-144-3225', 'tcianellil@hp.com', '1', 'Oakland', 'California', '94622', '11-Mar-2023', 142503);
insert into customers (custno, branchno, custfirstname, custlastname, custphone, custemail, custaddress, custcity, custstate, custzip, custdate_of_birth, custbal) values (23, 'BR01234','Sib', 'Ansell', '608-264-1554', 'sansellm@boston.com', '8', 'Madison', 'Wisconsin', '53705', '11-Dec-2022', 930712);
insert into customers (custno, branchno, custfirstname, custlastname, custphone, custemail, custaddress, custcity, custstate, custzip, custdate_of_birth, custbal) values (24,'BR00123', 'Yetty', 'Clancey', '404-281-7222', 'yclanceyn@simplemachines.org', '8312', 'Atlanta', 'Georgia', '30356', '27-Jul-2022', 247214);
insert into customers (custno, branchno, custfirstname, custlastname, custphone, custemail, custaddress, custcity, custstate, custzip, custdate_of_birth, custbal) values (25,'BR03456', 'Biddie', 'Grant', '202-107-1253', 'bgranto@facebook.com', '6168', 'Washington', 'District of Columbia', '20591', '02-Apr-2023', 508001);
insert into customers (custno, branchno, custfirstname, custlastname, custphone, custemail, custaddress, custcity, custstate, custzip, custdate_of_birth, custbal) values (26, 'BR03456','Remy', 'Exrol', '617-716-3692', 'rexrolp@discuz.net', '60', 'Watertown', 'Massachusetts', '02472', '03-Aug-2022', 447404);
insert into customers (custno, branchno, custfirstname, custlastname, custphone, custemail, custaddress, custcity, custstate, custzip, custdate_of_birth, custbal) values (27,'BR03456', 'Harri', 'Ecclesall', '360-953-3732', 'hecclesallq@mozilla.com', '0', 'Vancouver', 'Washington', '98664', '04-Oct-2022', 39882);
insert into customers (custno, branchno, custfirstname, custlastname, custphone, custemail, custaddress, custcity, custstate, custzip, custdate_of_birth, custbal) values (28,'BR03456','Martainn', 'Grabbam', '202-441-7656', 'mgrabbamr@irs.gov', '40091', 'Washington', 'District of Columbia', '20244', '18-Feb-2023', 472822);
insert into customers (custno, branchno, custfirstname, custlastname, custphone, custemail, custaddress, custcity, custstate, custzip, custdate_of_birth, custbal) values (29,'BR00123', 'Wallas', 'Flanigan', '828-138-3255', 'wflanigans@nymag.com', '86', 'Asheville', 'North Carolina', '28805', '16-Sep-2022', 881882);
insert into customers (custno, branchno, custfirstname, custlastname, custphone, custemail, custaddress, custcity, custstate, custzip, custdate_of_birth, custbal) values (30,'BR03456', 'Auguste', 'Gilston', '786-176-6924', 'agilstont@parallels.com', '916', 'Miami', 'Florida', '33233', '18-Jul-2022', 639777);
insert into customers (custno, branchno, custfirstname, custlastname, custphone, custemail, custaddress, custcity, custstate, custzip, custdate_of_birth, custbal) values (31,'BR00567', 'Chiarra', 'Hindmoor', '253-748-3015', 'chindmooru@ow.ly', '0556', 'Tacoma', 'Washington', '98411', '18-Mar-2023', 507734);
insert into customers (custno, branchno, custfirstname, custlastname, custphone, custemail, custaddress, custcity, custstate, custzip, custdate_of_birth, custbal) values (32,'BR03456', 'Aluin', 'Cazereau', '909-428-6410', 'acazereauv@army.mil', '9', 'Riverside', 'California', '92505', '04-Jan-2023', 427224);
insert into customers (custno, branchno, custfirstname, custlastname, custphone, custemail, custaddress, custcity, custstate, custzip, custdate_of_birth, custbal) values (33,'BR03456', 'Maure', 'Chilvers', '727-660-2666', 'mchilversw@washingtonpost.com', '21428', 'Largo', 'Florida', '33777', '26-May-2023', 985765);
insert into customers (custno, branchno, custfirstname, custlastname, custphone, custemail, custaddress, custcity, custstate, custzip, custdate_of_birth, custbal) values (34, 'BR03456','Benyamin', 'Clynmans', '970-891-0747', 'bclynmansx@ibm.com', '0', 'Fort Collins', 'Colorado', '80525', '24-Aug-2022', 641895);
insert into customers (custno, branchno, custfirstname, custlastname, custphone, custemail, custaddress, custcity, custstate, custzip, custdate_of_birth, custbal) values (35,'BR03456', 'Mella', 'Petegree', '405-863-8980', 'mpetegreey@nature.com', '77672', 'Edmond', 'Oklahoma', '73034', '10-Nov-2022', 827233);
insert into customers (custno, branchno, custfirstname, custlastname, custphone, custemail, custaddress, custcity, custstate, custzip, custdate_of_birth, custbal) values (36, 'BR00123','Mischa', 'Joutapaitis', '561-876-1883', 'mjoutapaitisz@newyorker.com', '19948', 'Lake Worth', 'Florida', '33467', '20-Feb-2023', 307690);
insert into customers (custno, branchno, custfirstname, custlastname, custphone, custemail, custaddress, custcity, custstate, custzip, custdate_of_birth, custbal) values (37, 'BR03456','Babette', 'Garred', '408-589-4033', 'bgarred10@guardian.co.uk', '7', 'San Jose', 'California', '95108', '19-Sep-2022', 916322);
insert into customers (custno, branchno, custfirstname, custlastname, custphone, custemail, custaddress, custcity, custstate, custzip, custdate_of_birth, custbal) values (38,'BR03456', 'Dwight', 'Stanborough', '704-377-6928', 'dstanborough11@list-manage.com', '3', 'Charlotte', 'North Carolina', '28256', '13-Sep-2022', 384674);
insert into customers (custno, branchno, custfirstname, custlastname, custphone, custemail, custaddress, custcity, custstate, custzip, custdate_of_birth, custbal) values (39, 'BR03456','Ware', 'McMarquis', '559-790-8226', 'wmcmarquis12@sohu.com', '214', 'Fresno', 'California', '93750', '25-Oct-2022', 92486);
insert into customers (custno, branchno, custfirstname, custlastname, custphone, custemail, custaddress, custcity, custstate, custzip, custdate_of_birth, custbal) values (40, 'BR03456','Amie', 'Gisburn', '786-410-6545', 'agisburn13@abc.net.au', '292', 'Miami', 'Florida', '33134', '06-Jun-2023', 465186);
insert into customers (custno, branchno, custfirstname, custlastname, custphone, custemail, custaddress, custcity, custstate, custzip, custdate_of_birth, custbal) values (41,'BR03456', 'Kelly', 'Randlesome', '281-791-7733', 'krandlesome14@webmd.com', '39', 'Pasadena', 'Texas', '77505', '28-Jun-2023', 413904);
insert into customers (custno, branchno, custfirstname, custlastname, custphone, custemail, custaddress, custcity, custstate, custzip, custdate_of_birth, custbal) values (42, 'BR06789','Deeann', 'Rubke', '812-277-3600', 'drubke15@cdbaby.com', '20', 'Evansville', 'Indiana', '47732', '25-Apr-2023', 220021);
insert into customers (custno, branchno, custfirstname, custlastname, custphone, custemail, custaddress, custcity, custstate, custzip, custdate_of_birth, custbal) values (43, 'BR00567','Joletta', 'MacCart', '415-941-4346', 'jmaccart16@hc360.com', '11087', 'San Francisco', 'California', '94126', '11-Nov-2022', 637326);
insert into customers (custno, branchno, custfirstname, custlastname, custphone, custemail, custaddress, custcity, custstate, custzip, custdate_of_birth, custbal) values (44,'BR06789','Debora', 'Sharnock', '802-273-1532', 'dsharnock17@quantcast.com', '80', 'Montpelier', 'Vermont', '05609', '27-Feb-2023', 86400);
insert into customers (custno, branchno, custfirstname, custlastname, custphone, custemail, custaddress, custcity, custstate, custzip, custdate_of_birth, custbal) values (45,'BR06789', 'Neilla', 'Kores', '510-318-9465', 'nkores18@domainmarket.com', '146', 'Berkeley', 'California', '94712', '28-Jan-2023', 610892);
insert into customers (custno, branchno, custfirstname, custlastname, custphone, custemail, custaddress, custcity, custstate, custzip, custdate_of_birth, custbal) values (46,'BR06789', 'Cammy', 'Copozio', '816-656-1273', 'ccopozio19@go.com', '980', 'Lees Summit', 'Missouri', '64082', '04-Feb-2023', 806668);
insert into customers (custno, branchno, custfirstname, custlastname, custphone, custemail, custaddress, custcity, custstate, custzip, custdate_of_birth, custbal) values (47, 'BR06789','Alexi', 'Putten', '785-590-4510', 'aputten1a@qq.com', '80044', 'Topeka', 'Kansas', '66642', '25-Mar-2023', 591407);
insert into customers (custno, branchno, custfirstname, custlastname, custphone, custemail, custaddress, custcity, custstate, custzip, custdate_of_birth, custbal) values (48,'BR03456', 'Henry', 'De Fries', '719-220-7568', 'hdefries1b@bing.com', '8', 'Colorado Springs', 'Colorado', '80951', '23-Dec-2022', 271751);
insert into customers (custno, branchno, custfirstname, custlastname, custphone, custemail, custaddress, custcity, custstate, custzip, custdate_of_birth, custbal) values (49, 'BR03456','Paco', 'Butterfill', '913-828-4246', 'pbutterfill1c@mail.ru', '05', 'Kansas City', 'Kansas', '66160', '22-Jun-2023', 196712);
insert into customers (custno, branchno, custfirstname, custlastname, custphone, custemail, custaddress, custcity, custstate, custzip, custdate_of_birth, custbal) values (50,'BR00567', 'Tally', 'Derdes', '713-837-3962', 'tderdes1d@networkadvertising.org', '101', 'Houston', 'Texas', '77281', '28-Dec-2022', 206115);
insert into customers (custno, branchno, custfirstname, custlastname, custphone, custemail, custaddress, custcity, custstate, custzip, custdate_of_birth, custbal) values (51, 'BR03456','Brantley', 'Chichgar', '212-719-5788', 'bchichgar1e@joomla.org', '74631', 'New York City', 'New York', '10125', '29-Jun-2022', 85063);
insert into customers (custno, branchno, custfirstname, custlastname, custphone, custemail, custaddress, custcity, custstate, custzip, custdate_of_birth, custbal) values (52,'BR06789', 'Laurena', 'Velez', '212-327-4489', 'lvelez1f@123-reg.co.uk', '5', 'New York City', 'New York', '10120', '15-Jan-2023', 298380);
insert into customers (custno, branchno, custfirstname, custlastname, custphone, custemail, custaddress, custcity, custstate, custzip, custdate_of_birth, custbal) values (53,'BR06789', 'Camel', 'Sertin', '405-296-2435', 'csertin1g@dailymail.co.uk', '9235', 'Oklahoma City', 'Oklahoma', '73135', '08-Mar-2023', 660615);
insert into customers (custno, branchno, custfirstname, custlastname, custphone, custemail, custaddress, custcity, custstate, custzip, custdate_of_birth, custbal) values (54,'BR03456', 'Gill', 'Pilgram', '408-132-2105', 'gpilgram1h@addtoany.com', '93768', 'San Jose', 'California', '95150', '09-Sep-2022', 129011);
insert into customers (custno, branchno, custfirstname, custlastname, custphone, custemail, custaddress, custcity, custstate, custzip, custdate_of_birth, custbal) values (55, 'BR03456','Bibbie', 'Warrillow', '504-570-1711', 'bwarrillow1i@eventbrite.com', '78249', 'New Orleans', 'Louisiana', '70116', '21-Feb-2023', 69445);
insert into customers (custno, branchno, custfirstname, custlastname, custphone, custemail, custaddress, custcity, custstate, custzip, custdate_of_birth, custbal) values (56, 'BR03456','Odella', 'Ritter', '208-883-7752', 'oritter1j@virginia.edu', '84', 'Boise', 'Idaho', '83705', '25-Jun-2023', 926070);
insert into customers (custno, branchno, custfirstname, custlastname, custphone, custemail, custaddress, custcity, custstate, custzip, custdate_of_birth, custbal) values (57,'BR03456', 'Abey', 'Fitzsimons', '806-562-9011', 'afitzsimons1k@angelfire.com', '30', 'Amarillo', 'Texas', '79182', '10-Feb-2023', 543749);
insert into customers (custno, branchno, custfirstname, custlastname, custphone, custemail, custaddress, custcity, custstate, custzip, custdate_of_birth, custbal) values (58,'BR03456', 'Peg', 'Pennycuick', '423-839-9279', 'ppennycuick1l@gravatar.com', '42978', 'Chattanooga', 'Tennessee', '37405', '20-Jan-2023', 295456);
insert into customers (custno, branchno, custfirstname, custlastname, custphone, custemail, custaddress, custcity, custstate, custzip, custdate_of_birth, custbal) values (59,'BR06789', 'Garrett', 'Dumphreys', '757-343-8634', 'gdumphreys1m@hp.com', '123', 'Norfolk', 'Virginia', '23509', '28-Feb-2023', 87945);
insert into customers (custno, branchno, custfirstname, custlastname, custphone, custemail, custaddress, custcity, custstate, custzip, custdate_of_birth, custbal) values (60,'BR06789', 'Edwina', 'Noli', '713-785-0377', 'enoli1n@buzzfeed.com', '50576', 'Houston', 'Texas', '77245', '24-Sep-2022', 584763);
insert into customers (custno, branchno, custfirstname, custlastname, custphone, custemail, custaddress, custcity, custstate, custzip, custdate_of_birth, custbal) values (61,'BR06789', 'Lindsey', 'Crock', '305-334-4206', 'lcrock1o@yahoo.com', '857', 'Miami', 'Florida', '33175', '26-Jul-2022', 764059);
insert into customers (custno, branchno, custfirstname, custlastname, custphone, custemail, custaddress, custcity, custstate, custzip, custdate_of_birth, custbal) values (62,'BR06789', 'Kristopher', 'Rolf', '408-752-6737', 'krolf1p@nymag.com', '585', 'Santa Clara', 'California', '95054', '01-Sep-2022', 468950);
insert into customers (custno, branchno, custfirstname, custlastname, custphone, custemail, custaddress, custcity, custstate, custzip, custdate_of_birth, custbal) values (63,'BR07890', 'Law', 'Steffan', '407-396-5849', 'lsteffan1q@icio.us', '31', 'Kissimmee', 'Florida', '3745', '10-Aug-2022', 99018);
insert into customers (custno, branchno, custfirstname, custlastname, custphone, custemail, custaddress, custcity, custstate, custzip, custdate_of_birth, custbal) values (64, 'BR07890','Peri', 'Woolvin', '903-434-1610', 'pwoolvin1r@friendfeed.com', '8', 'Longview', 'Texas', '75605', '27-Aug-2022', 6500);
insert into customers (custno, branchno, custfirstname, custlastname, custphone, custemail, custaddress, custcity, custstate, custzip, custdate_of_birth, custbal) values (65,'BR07890', 'Lurette', 'Northern', '205-719-8480', 'lnorthern1s@hexun.com', '7202', 'Birmingham', 'Alabama', '35263', '17-Jan-2023', 623921);
insert into customers (custno, branchno, custfirstname, custlastname, custphone, custemail, custaddress, custcity, custstate, custzip, custdate_of_birth, custbal) values (66,'BR07890', 'Georgena', 'Bottomley', '214-112-7299', 'gbottomley1t@delicious.com', '2', 'Dallas', 'Texas', '75277', '09-May-2023', 388881);
insert into customers (custno, branchno, custfirstname, custlastname, custphone, custemail, custaddress, custcity, custstate, custzip, custdate_of_birth, custbal) values (67,'BR07890', 'Miles', 'Longhirst', '212-695-6942', 'mlonghirst1u@163.com', '29', 'New York City', 'New York', '10019', '30-Nov-2022', 586333);
insert into customers (custno, branchno, custfirstname, custlastname, custphone, custemail, custaddress, custcity, custstate, custzip, custdate_of_birth, custbal) values (68,'BR07890', 'Cristie', 'Antonias', '479-460-1877', 'cantonias1v@slashdot.org', '66', 'Fort Smith', 'Arkansas', '72916', '13-Sep-2022', 770745);
insert into customers (custno, branchno, custfirstname, custlastname, custphone, custemail, custaddress, custcity, custstate, custzip, custdate_of_birth, custbal) values (69,'BR07890', 'Deena', 'Skurray', '915-379-7282', 'dskurray1w@photobucket.com', '019', 'El Paso', 'Texas', '79984', '14-Mar-2023', 126742);
insert into customers (custno, branchno, custfirstname, custlastname, custphone, custemail, custaddress, custcity, custstate, custzip, custdate_of_birth, custbal) values (70,'BR03456','Yule', 'Garrish', '907-849-9009', 'ygarrish1x@amazonaws.com', '6', 'Anchorage', 'Alaska', '99522', '19-Aug-2022', 591137);
insert into customers (custno, branchno, custfirstname, custlastname, custphone, custemail, custaddress, custcity, custstate, custzip, custdate_of_birth, custbal) values (71,'BR03456','Celisse', 'Snow', '865-496-7070', 'csnow1y@comsenz.com', '3', 'Knoxville', 'Tennessee', '37924', '14-Jun-2023', 234321);
insert into customers (custno, branchno, custfirstname, custlastname, custphone, custemail, custaddress, custcity, custstate, custzip, custdate_of_birth, custbal) values (72,'BR03456', 'Faulkner', 'Brunton', '828-257-0655', 'fbrunton1z@usatoday.com', '4', 'Asheville', 'North Carolina', '28805', '04-Mar-2023', 499741);
insert into customers (custno, branchno, custfirstname, custlastname, custphone, custemail, custaddress, custcity, custstate, custzip, custdate_of_birth, custbal) values (73,'BR03456', 'Shelba', 'Segar', '702-355-6598', 'ssegar20@instagram.com', '56', 'Las Vegas', 'Nevada', '89115', '05-Feb-2023', 641056);
insert into customers (custno, branchno, custfirstname, custlastname, custphone, custemail, custaddress, custcity, custstate, custzip, custdate_of_birth, custbal) values (74,'BR07890', 'Tatiania', 'Choupin', '818-644-8258', 'tchoupin21@tinypic.com', '449', 'Glendale', 'California', '91210', '23-Apr-2023', 837067);
insert into customers (custno, branchno, custfirstname, custlastname, custphone, custemail, custaddress, custcity, custstate, custzip, custdate_of_birth, custbal) values (75,'BR07890', 'Clarke', 'Nacci', '423-312-8051', 'cnacci22@rakuten.co.jp', '051', 'Kingsport', 'Tennessee', '37665', '11-Feb-2023', 729089);
insert into customers (custno, branchno, custfirstname, custlastname, custphone, custemail, custaddress, custcity, custstate, custzip, custdate_of_birth, custbal) values (76,'BR07890', 'Whitby', 'Boeter', '915-753-6734', 'wboeter23@freewebs.com', '422', 'El Paso', 'Texas', '79950', '16-Apr-2023', 156271);
insert into customers (custno, branchno, custfirstname, custlastname, custphone, custemail, custaddress, custcity, custstate, custzip, custdate_of_birth, custbal) values (77,'BR07890', 'Massimiliano', 'Donneely', '352-452-8866', 'mdonneely24@altervista.org', '751', 'Ocala', 'Florida', '34479', '26-Sep-2022', 829280);
insert into customers (custno, branchno, custfirstname, custlastname, custphone, custemail, custaddress, custcity, custstate, custzip, custdate_of_birth, custbal) values (78,'BR03456', 'Tammi', 'Rapson', '513-286-2715', 'trapson25@msu.edu', '45', 'Cincinnati', 'Ohio', '45223', '11-Nov-2022', 32380);
insert into customers (custno, branchno, custfirstname, custlastname, custphone, custemail, custaddress, custcity, custstate, custzip, custdate_of_birth, custbal) values (79,'BR03456','Brnaba', 'Fynan', '212-580-9208', 'bfynan26@skyrock.com', '65', 'Brooklyn', 'New York', '11254', '06-Apr-2023', 363081);
insert into customers (custno, branchno, custfirstname, custlastname, custphone, custemail, custaddress, custcity, custstate, custzip, custdate_of_birth, custbal) values (80,'BR03456', 'Errick', 'Chalkly', '540-975-8032', 'echalkly27@addtoany.com', '1', 'Roanoke', 'Virginia', '24014', '04-May-2023', 379377);
insert into customers (custno, branchno, custfirstname, custlastname, custphone, custemail, custaddress, custcity, custstate, custzip, custdate_of_birth, custbal) values (81,'BR03456', 'Viki', 'Chatin', '813-623-3288', 'vchatin28@cocolog-nifty.com', '86', 'Tampa', 'Florida', '33620', '28-May-2023', 890999);
insert into customers (custno, branchno, custfirstname, custlastname, custphone, custemail, custaddress, custcity, custstate, custzip, custdate_of_birth, custbal) values (82,'BR07890', 'Agnesse', 'Mance', '304-590-7120', 'amance29@uiuc.edu', '862', 'Charleston', 'West Virginia', '25356', '10-Sep-2022', 853949);
insert into customers (custno, branchno, custfirstname, custlastname, custphone, custemail, custaddress, custcity, custstate, custzip, custdate_of_birth, custbal) values (83,'BR04567', 'Bellina', 'Darco', '209-121-2583', 'bdarco2a@guardian.co.uk', '28349', 'Modesto', 'California', '95397', '08-Jan-2023', 328683);
insert into customers (custno, branchno, custfirstname, custlastname, custphone, custemail, custaddress, custcity, custstate, custzip, custdate_of_birth, custbal) values (84,'BR05678','Perkin', 'Areles', '405-547-1123', 'pareles2b@pcworld.com', '0193', 'Oklahoma City', 'Oklahoma', '73173', '07-May-2023', 719768);
insert into customers (custno, branchno, custfirstname, custlastname, custphone, custemail, custaddress, custcity, custstate, custzip, custdate_of_birth, custbal) values (85,'BR05678','Veradis', 'Lorking', '570-622-7129', 'vlorking2c@mail.ru', '423', 'Wilkes Barre', 'Pennsylvania', '18706', '11-Oct-2022', 322429);
insert into customers (custno, branchno, custfirstname, custlastname, custphone, custemail, custaddress, custcity, custstate, custzip, custdate_of_birth, custbal) values (86,'BR04567', 'Eugine', 'Dionisio', '517-647-4086', 'edionisio2d@netlog.com', '8', 'Lansing', 'Michigan', '48919', '25-Oct-2022', 797367);
insert into customers (custno, branchno, custfirstname, custlastname, custphone, custemail, custaddress, custcity, custstate, custzip, custdate_of_birth, custbal) values (87,'BR05678','Leonanie', 'Gamon', '330-148-8883', 'lgamon2e@shinystat.com', '131', 'Warren', 'Ohio', '44485', '14-Aug-2022', 468850);
insert into customers (custno, branchno, custfirstname, custlastname, custphone, custemail, custaddress, custcity, custstate, custzip, custdate_of_birth, custbal) values (88,'BR04567', 'Marlo', 'Casey', '502-485-4025', 'mcasey2f@wikipedia.org', '281', 'Migrate', 'Kentucky', '41905', '18-Oct-2022', 212064);
insert into customers (custno, branchno, custfirstname, custlastname, custphone, custemail, custaddress, custcity, custstate, custzip, custdate_of_birth, custbal) values (89,'BR05678', 'Abbie', 'Van Hesteren', '337-950-5414', 'avanhesteren2g@yahoo.co.jp', '659', 'Lake Charles', 'Louisiana', '70616', '25-Oct-2022', 513800);
insert into customers (custno, branchno, custfirstname, custlastname, custphone, custemail, custaddress, custcity, custstate, custzip, custdate_of_birth, custbal) values (90,'BR04567', 'Rennie', 'Pendlington', '619-212-0733', 'rpendlington2h@mlb.com', '9349', 'Chula Vista', 'California', '91913', '19-Feb-2023', 217702);
insert into customers (custno, branchno, custfirstname, custlastname, custphone, custemail, custaddress, custcity, custstate, custzip, custdate_of_birth, custbal) values (91,'BR05678','Justine', 'Noteyoung', '405-808-9598', 'jnoteyoung2i@auda.org.au', '32581', 'Oklahoma City', 'Oklahoma', '73119', '03-Aug-2022', 474369);
insert into customers (custno, branchno, custfirstname, custlastname, custphone, custemail, custaddress, custcity, custstate, custzip, custdate_of_birth, custbal) values (92,'BR04567', 'Leroi', 'Oulet', '770-148-2157', 'loulet2j@facebook.com', '89186', 'Marietta', 'Georgia', '30061', '18-Dec-2022', 431818);
insert into customers (custno, branchno, custfirstname, custlastname, custphone, custemail, custaddress, custcity, custstate, custzip, custdate_of_birth, custbal) values (93,'BR05678','Daniella', 'Hirche', '860-605-0240', 'dhirche2k@chron.com', '8722', 'Hartford', 'Connecticut', '06152', '04-Jul-2022', 932165);
insert into customers (custno, branchno, custfirstname, custlastname, custphone, custemail, custaddress, custcity, custstate, custzip, custdate_of_birth, custbal) values (94,'BR05678', 'Debbie', 'Caron', '336-510-5849', 'dcaron2l@storify.com', '775', 'Greensboro', 'North Carolina', '27409', '12-Oct-2022', 862844);
insert into customers (custno, branchno, custfirstname, custlastname, custphone, custemail, custaddress, custcity, custstate, custzip, custdate_of_birth, custbal) values (95,'BR08901','Dyana', 'Faraday', '480-662-3932', 'dfaraday2m@hexun.com', '7861', 'Mesa', 'Arizona', '85215', '11-Oct-2022', 469547);
insert into customers (custno, branchno, custfirstname, custlastname, custphone, custemail, custaddress, custcity, custstate, custzip, custdate_of_birth, custbal) values (96,'BR04567', 'Irv', 'Hamp', '423-661-3238', 'ihamp2n@diigo.com', '4', 'Chattanooga', 'Tennessee', '37405', '05-Dec-2022', 150446);
insert into customers (custno, branchno, custfirstname, custlastname, custphone, custemail, custaddress, custcity, custstate, custzip, custdate_of_birth, custbal) values (97,'BR04567', 'Kristopher', 'McFarlan', '615-845-3272', 'kmcfarlan2o@seattletimes.com', '34792', 'Nashville', 'Tennessee', '37235', '27-Jan-2023', 184459);
insert into customers (custno, branchno, custfirstname, custlastname, custphone, custemail, custaddress, custcity, custstate, custzip, custdate_of_birth, custbal) values (98,'BR04567', 'Heddie', 'Gyse', '312-874-8805', 'hgyse2p@example.com', '81356', 'Chicago', 'Illinois', '60657', '30-Jul-2022', 501699);
insert into customers (custno, branchno, custfirstname, custlastname, custphone, custemail, custaddress, custcity, custstate, custzip, custdate_of_birth, custbal) values (99,'BR04567','Fanechka', 'MacDwyer', '508-736-6631', 'fmacdwyer2q@discovery.com', '6436', 'Brockton', 'Mass', '02405', '04-May-2023', 246005);
insert into customers (custno, branchno, custfirstname, custlastname, custphone, custemail, custaddress, custcity, custstate, custzip, custdate_of_birth, custbal) values (100,'BR08901','Dario', 'Lidyard', '706-911-3488', 'dlidyard2r@washingtonpost.com', '5', 'Athens', 'Georgia', '30610', '27-Jan-2023', 239150);


--EMPLOYEES DATA
insert into  employees (empno,	BRANCHNO,	empfirstname, emplastname, empdate_of_birth, empgender,	empemail, empsalary, emp_hire_date) values  (1001, 'BR00123',	'Hedi',	'Faireclough',	'5-Dec-93',	'male',	'hfaireclough0@1688.com', 122548, '04-Jun-1991');
insert into  employees (empno,	BRANCHNO,	empfirstname, emplastname, empdate_of_birth, empgender,	empemail, empsalary, emp_hire_date) values	(1002,  'BR00567',	'Abagael',	'Kinnach',	'19-Aug-95', 'female',	'akinnach1@bloomberg.com',	56352,	'11-May-1986');
insert into  employees (empno,	BRANCHNO,	empfirstname, emplastname, empdate_of_birth, empgender,	empemail, empsalary, emp_hire_date) values	(1003,  'BR05678'   , 'Vin',	'Laval',	'29-Jan-93',	'male',	'vlaval2@buzzfeed.com',	77447,	'19-Jul-2012');
insert into  employees (empno,	BRANCHNO,	empfirstname, emplastname, empdate_of_birth, empgender,	empemail, empsalary, emp_hire_date) values	(1004,  'BR01234'	   ,	'Anni',	'Pidwell',	'24-Jul-84',	'female',	'apidwell3@adobe.com',	72243,	'26-Sep-2018');
insert into  employees (empno,	BRANCHNO,	empfirstname, emplastname, empdate_of_birth, empgender,	empemail, empsalary, emp_hire_date) values 	(1005,	'BR06789', 'Esdras',	'Vlies',	'3-Apr-83',	'male',	'evlies4@trellian.com',	98306,	'25-Sep-2019');
insert into  employees (empno,	BRANCHNO,	empfirstname, emplastname, empdate_of_birth, empgender,	empemail, empsalary, emp_hire_date) values	(1006, 'BR06789'	,	'Simon',	'Montes',	'6-May-91',	'female',	'smontes5@ycombinator.com',	58490,	'28-May-2020');
insert into  employees (empno,	BRANCHNO,	empfirstname, emplastname, empdate_of_birth, empgender,	empemail, empsalary, emp_hire_date) values	(1007,	'BR03456',	'Zedekiah',	'Monger',	'9-Dec-74',	'male',	'zmonger6@alibaba.com',	55366,	'13-Nov-2011');
insert into  employees (empno,	BRANCHNO,	empfirstname, emplastname, empdate_of_birth, empgender,	empemail, empsalary, emp_hire_date) values	(1008,	'BR05678',	'Carree',	'Danne',	'13-Aug-89',	'female',	'cdanne7@jalbum.net',	91342,	'06-May-2017');
insert into  employees (empno,	BRANCHNO,	empfirstname, emplastname, empdate_of_birth, empgender,	empemail, empsalary, emp_hire_date) values	(1009,	'BR03456',	'Milo',	'Hegarty',	'13-Oct-83',	'male',	'mhegarty8@seesaa.net',	64293,	'30-Jul-2013');
insert into  employees (empno,	BRANCHNO,	empfirstname, emplastname, empdate_of_birth, empgender,	empemail, empsalary, emp_hire_date) values	(1010, 'BR05678'	,	'Tootsie',	'Darkins',	'24-Aug-88',	'female', 'tdarkins9@networksolutions.com', 67176, '22-May-2010');
insert into  employees (empno,	BRANCHNO,	empfirstname, emplastname, empdate_of_birth, empgender,	empemail, empsalary, emp_hire_date) values	(1011,	'BR05678',	'Lynna',	'Vondracek',	'10-Jun-76',	'male',	'lvondraceka@abc.net.au',	83445,	'17-Jun-2015');
insert into  employees (empno,	BRANCHNO,	empfirstname, emplastname, empdate_of_birth, empgender,	empemail, empsalary, emp_hire_date) values	(1112,	'BR03456',	'Ara',	'Heindrick',	'21-Apr-79',	'female',	'aheindrickb@weebly.com',	127458,	'10-Sep-2014');
insert into  employees (empno,	BRANCHNO,	empfirstname, emplastname, empdate_of_birth, empgender,	empemail, empsalary, emp_hire_date) values	(1113, 'BR05678'	,	'Rheta',	'Pickance',	'18-Sep-92',	'male',	'rpickancec@virginia.edu',	128684,	'16-Aug-2017');
insert into  employees (empno,	BRANCHNO,	empfirstname, emplastname, empdate_of_birth, empgender,	empemail, empsalary, emp_hire_date) values	(1114,	'BR06789',	'Pammi',	'Gooder',	'3-Apr-81',	'female',	'pgooderd@senate.gov',	57051,	'17-Sep-2017');
insert into  employees (empno,	BRANCHNO,	empfirstname, emplastname, empdate_of_birth, empgender,	empemail, empsalary, emp_hire_date) values  (1115,	'BR07890',	'Lothaire',	'Ainscow',	'25-Dec-85',	'male',	'lainscowe@lulu.com',	99552,	'09-Mar-2021');
insert into  employees (empno,	BRANCHNO,	empfirstname, emplastname, empdate_of_birth, empgender,	empemail, empsalary, emp_hire_date) values	(1116,	'BR06789',	'Conny',	'Ruckman',	'6-May-90',	'female',	'cruckmanf@biglobe.ne.jp',	84090,	'14-Jul-2021');
insert into  employees (empno,	BRANCHNO,	empfirstname, emplastname, empdate_of_birth, empgender,	empemail, empsalary, emp_hire_date) values  (1117,'BR06789'	,	'Teddy',	'Tredget',	'24-Apr-97', 'male',	'ttredgetg@webs.com',	63457,	'24-Aug-2015');
insert into  employees (empno,	BRANCHNO,	empfirstname, emplastname, empdate_of_birth, empgender,	empemail, empsalary, emp_hire_date) values	(1118,'BR08901'	,	'Zelma',	'Muddiman', '9-Apr-89',	'female',	'zmuddimanh@nhs.uk',	95706,	'27-May-2022');
insert into  employees (empno,	BRANCHNO,	empfirstname, emplastname, empdate_of_birth, empgender,	empemail, empsalary, emp_hire_date) values	(1119,'BR08901'	,	'Sharona',	'Bushell',	'26-Sep-94',	'male',	'sbushelli@chron.com',	99191,	'25-May-2020');
insert into  employees (empno,	BRANCHNO,	empfirstname, emplastname, empdate_of_birth, empgender,	empemail, empsalary, emp_hire_date) values	(1120,	'BR06789',	'Neville',	'Fearby',	'12-Mar-96',	'female',	'nfearbyj@comsenz.com',	65304,	'22-Feb-2011');
insert into  employees (empno,	BRANCHNO,	empfirstname, emplastname, empdate_of_birth, empgender,	empemail, empsalary, emp_hire_date) values	(1121,'BR00123'	,	'Quillan',	'Cassella',	'28-Jan-95',	'male',	'qcassellak@answers.com',	84784,	'04-Jul-2012');
insert into  employees (empno,	BRANCHNO,	empfirstname, emplastname, empdate_of_birth, empgender,	empemail, empsalary, emp_hire_date) values	(1122,'BR06789'	,	'Gabriell',	'Winterscale',	'4-Feb-85',	'female',	'gwinterscalel@cloudflare.com',	77470,	'16-Aug-2017');
insert into  employees (empno,	BRANCHNO,	empfirstname, emplastname, empdate_of_birth, empgender,	empemail, empsalary, emp_hire_date) values	(1123,	'BR05678',	'Marie-ann',	'Jedras',	'16-Sep-93',	'male',	'mjedrasm@wordpress.org',	63262,	'23-Dec-2016');
insert into  employees (empno,	BRANCHNO,	empfirstname, emplastname, empdate_of_birth, empgender,	empemail, empsalary, emp_hire_date) values  (1124,'BR00123'	,	'Zeb',	'Schiesterl',	'15-Sep-89',	'female',	'zschiesterln@webs.com',	87468,	'29-Mar-2020');
insert into  employees (empno,	BRANCHNO,	empfirstname, emplastname, empdate_of_birth, empgender,	empemail, empsalary, emp_hire_date) values  (1125,'BR05678'	,	'Booth',	'Simyson',	'16-Mar-80',	'male',	'bsimysono@nymag.com',	92908,	'21-Dec-2014');
insert into  employees (empno,	BRANCHNO,	empfirstname, emplastname, empdate_of_birth, empgender,	empemail, empsalary, emp_hire_date) values	(1126,	'BR05678',	'Aubrey',	'Hospital',	'1-Jan-81',	'female',	'ahospitalp@dedecms.com',	62723,	'29-Mar-2011');
insert into  employees (empno,	BRANCHNO,	empfirstname, emplastname, empdate_of_birth, empgender,	empemail, empsalary, emp_hire_date) values  (1127,'BR05678'	,	'Lucila',	'Seywood',	'2-Jul-82',	'male',	'lseywoodq@zdnet.com',	66345,	'05-Feb-2011');
insert into  employees (empno,	BRANCHNO,	empfirstname, emplastname, empdate_of_birth, empgender,	empemail, empsalary, emp_hire_date) values	(1128,'BR07890'	,	'Teri',	'Drance',	'15-Nov-81',	'female',	'tdrancer@studiopress.com',	123457,	'25-Feb-2011');
insert into  employees (empno,	BRANCHNO,	empfirstname, emplastname, empdate_of_birth, empgender,	empemail, empsalary, emp_hire_date) values  (1129,'BR05678'	,	'Trudi',	'Reaman',	'5-Jul-86',	'male',	'treamans@newsvine.com',	123080,	'17-Aug-2020');
insert into  employees (empno,	BRANCHNO,	empfirstname, emplastname, empdate_of_birth, empgender,	empemail, empsalary, emp_hire_date) values	(1130,'BR07890'	,	'Hubert',	'Follis',	'6-Jan-84',	'female',	'hfollist@icio.us',	63513,	'17-Sep-2019');
insert into  employees (empno,	BRANCHNO,	empfirstname, emplastname, empdate_of_birth, empgender,	empemail, empsalary, emp_hire_date) values  (1131,'BR08901'	,	'Johny',	'Gloy',	'20-Mar-96',	'male',	'jgloyu@phpbb.com',	93349,	'15-Jun-2021');
insert into  employees (empno,	BRANCHNO,	empfirstname, emplastname, empdate_of_birth, empgender,	empemail, empsalary, emp_hire_date) values	(1132,	'BR07890',	'Pate',	'Ribchester',	'18-Feb-83',	'female',	'pribchesterv@technorati.com',	127284,	'20-May-2014');
insert into  employees (empno,	BRANCHNO,	empfirstname, emplastname, empdate_of_birth, empgender,	empemail, empsalary, emp_hire_date) values	(1133,	'BR07890',	'Ambur',	'Haggett',	'7-Sep-81',	'male',	'ahaggettw@ow.ly',	63084,	'19-Sep-2011');
insert into  employees (empno,	BRANCHNO,	empfirstname, emplastname, empdate_of_birth, empgender,	empemail, empsalary, emp_hire_date) values	(1134,'BR01234'	,	'Cassy',	'Sharland',	'8-Mar-78',	'female',	'csharlandx@tiny.cc',	93835,	'11-Mar-2018');
insert into  employees (empno,	BRANCHNO,	empfirstname, emplastname, empdate_of_birth, empgender,	empemail, empsalary, emp_hire_date) values	(1135,	'BR07890',	'Joyous',	'Stallybrass',	'27-Nov-74',	'male',	'jstallybrassy@irs.gov',	110026,	'10-Feb-2013');
insert into  employees (empno,	BRANCHNO,	empfirstname, emplastname, empdate_of_birth, empgender,	empemail, empsalary, emp_hire_date) values	(1136,	'BR07890',	'Temp',	'Antognozzii',	'18-May-93',	'female',	'tantognozziiz@gizmodo.com',	97355,	'18-Jun-2021');
insert into  employees (empno,	BRANCHNO,	empfirstname, emplastname, empdate_of_birth, empgender,	empemail, empsalary, emp_hire_date) values	(1137,'BR08901'	,	'Dario',	'Doneld',	'27-Feb-89',	'male',	'ddoneld10@cnbc.com',	54860,	'08-Jan-2016');
insert into  employees (empno,	BRANCHNO,	empfirstname, emplastname, empdate_of_birth, empgender,	empemail, empsalary, emp_hire_date) values	(1138,'BR05678',	'Clareta',	'Adamkiewicz',	'18-Nov-87',	'female',	'cadamkiewicz11@umich.edu',	89242,	'10-May-2013');
insert into  employees (empno,	BRANCHNO,	empfirstname, emplastname, empdate_of_birth, empgender,	empemail, empsalary, emp_hire_date) values	(1139,'BR07890'	,	'Jany',	'Silbert',	'25-Aug-92',	'male',	'jsilbert12@w3.org',	94964,	'07-Aug-2013');
insert into  employees (empno,	BRANCHNO,	empfirstname, emplastname, empdate_of_birth, empgender,	empemail, empsalary, emp_hire_date) values	(1140,	'BR07890',	'Brody',	'MacGorman',	'31-Aug-89',	'female',	'bmacgorman13@house.gov',	86024,	'13-Jul-2014');
insert into  employees (empno,	BRANCHNO,	empfirstname, emplastname, empdate_of_birth, empgender,	empemail, empsalary, emp_hire_date) values	(1141,	'BR07890',	'Paquito',	'Ugolini',	'4-Mar-85',	'male',	'pugolini14@weather.com',	128018,	'24-Aug-2013');
insert into  employees (empno,	BRANCHNO,	empfirstname, emplastname, empdate_of_birth, empgender,	empemail, empsalary, emp_hire_date) values	(1142,'BR01234'	,	'Ervin',	'Blackster',	'23-Jul-77',	'female',	'eblackster15@delicious.com',	123300,	'16-Jan-2020');
insert into  employees (empno,	BRANCHNO,	empfirstname, emplastname, empdate_of_birth, empgender,	empemail, empsalary, emp_hire_date) values	(1143,	'BR07890',	'Ody',	'Lortzing',	'13-Mar-94',	'male',	'olortzing16@blogspot.com',	80903,	'17-Apr-2015');
insert into  employees (empno,	BRANCHNO,	empfirstname, emplastname, empdate_of_birth, empgender,	empemail, empsalary, emp_hire_date) values	(1144,'BR01234'	,	'Arin',	'Reeks',	'1-Mar-85',	'female',	'areeks17@studiopress.com',	82500,	'17-Jan-2015');
insert into  employees (empno,	BRANCHNO,	empfirstname, emplastname, empdate_of_birth, empgender,	empemail, empsalary, emp_hire_date) values	(1145,'BR07890'	,	'Asher',	'Loffhead',	'12-Nov-92',	'male',	'aloffhead18@gnu.org',	121356,	'03-Dec-2010');
insert into  employees (empno,	BRANCHNO,	empfirstname, emplastname, empdate_of_birth, empgender,	empemail, empsalary, emp_hire_date) values	(1146,'BR05678'	,	'Davita',	'Minghella',	'17-May-78',	'female',	'dminghella19@jalbum.net',	59156,	'20-Jan-2016');
insert into  employees (empno,	BRANCHNO,	empfirstname, emplastname, empdate_of_birth, empgender,	empemail, empsalary, emp_hire_date) values	(1147,'BR05678'	,	'Florenza',	'Rediers',	'3-May-82',	'male',	'frediers1a@imgur.com',	59035,	'14-Sep-2011');
insert into  employees (empno,	BRANCHNO,	empfirstname, emplastname, empdate_of_birth, empgender,	empemail, empsalary, emp_hire_date) values	(1148,'BR05678',	'Lucille',	'Dilke',	'22-Feb-94',	'female',	'ldilke1b@prweb.com',	94354,	'19-Nov-2019');
insert into  employees (empno,	BRANCHNO,	empfirstname, emplastname, empdate_of_birth, empgender,	empemail, empsalary, emp_hire_date) values	(1149, 'BR05678' ,	'Ogden',	'Carbert',	'17-Jun-80',	'male',	'ocarbert1c@loc.gov',	104707,	'22-May-2016');


--ACCOUNTS DATA
insert into accounts (ACCOUNTNO, BRANCHNO,  ACCONT_TYPE, ACCOUNT_BAL, ACCOUNT_OPEN_DATE, ACCOUNT_CLOSE_DATE) values ('5048372910387527','BR00123', 'saving account',   4590, '10-Dec-2022', '18-Mar-2021');
insert into ACCOUNTS (ACCOUNTNO, BRANCHNO,  ACCONT_TYPE, ACCOUNT_BAL, ACCOUNT_OPEN_DATE, ACCOUNT_CLOSE_DATE) values ('5048375922813000','BR00567', 'saving account',  63404, '31-Dec-2022', '02-May-2014');
insert into ACCOUNTS (ACCOUNTNO, BRANCHNO,  ACCONT_TYPE, ACCOUNT_BAL, ACCOUNT_OPEN_DATE, ACCOUNT_CLOSE_DATE)values ('5048372588705109', 'BR00123','checking account', 5314, '14-Sep-2022', null);
insert into ACCOUNTS (ACCOUNTNO, BRANCHNO,  ACCONT_TYPE, ACCOUNT_BAL, ACCOUNT_OPEN_DATE, ACCOUNT_CLOSE_DATE) values ('5048372849692609','BR00567','checking account',   15955, '12-Nov-2022', '26-May-2016');
insert into ACCOUNTS (ACCOUNTNO, BRANCHNO,  ACCONT_TYPE, ACCOUNT_BAL, ACCOUNT_OPEN_DATE, ACCOUNT_CLOSE_DATE) values ('5108751393615636','BR00567', 'Credit Card Account',  26309, '29-Nov-2022', null);
insert into ACCOUNTS (ACCOUNTNO, BRANCHNO,  ACCONT_TYPE, ACCOUNT_BAL, ACCOUNT_OPEN_DATE, ACCOUNT_CLOSE_DATE) values ('5108756993103099','BR00123','saving account',  74994, '21-Dec-2022', null);
insert into ACCOUNTS (ACCOUNTNO, BRANCHNO,  ACCONT_TYPE, ACCOUNT_BAL, ACCOUNT_OPEN_DATE, ACCOUNT_CLOSE_DATE) values ('5108751996673206','BR06789','Credit Card Account',   11928, '27-Jul-2022', null);
insert into ACCOUNTS (ACCOUNTNO, BRANCHNO,  ACCONT_TYPE, ACCOUNT_BAL, ACCOUNT_OPEN_DATE, ACCOUNT_CLOSE_DATE) values ('5108756796265574','BR01234','checking account',   2005, '28-Jul-2022', null);
insert into ACCOUNTS (ACCOUNTNO, BRANCHNO,  ACCONT_TYPE, ACCOUNT_BAL, ACCOUNT_OPEN_DATE, ACCOUNT_CLOSE_DATE) values ('5108755759437808','BR00123','saving account',  98478, '27-Jul-2022', null);
insert into ACCOUNTS (ACCOUNTNO, BRANCHNO,  ACCONT_TYPE, ACCOUNT_BAL, ACCOUNT_OPEN_DATE, ACCOUNT_CLOSE_DATE) values ('5108751183950581','BR06789','checking account',   17642, '21-Oct-2022', null);
insert into ACCOUNTS (ACCOUNTNO, BRANCHNO,  ACCONT_TYPE, ACCOUNT_BAL, ACCOUNT_OPEN_DATE, ACCOUNT_CLOSE_DATE) values ('5108751123489492','BR00123','checking account',   2369, '01-Oct-2022', null);
insert into ACCOUNTS (ACCOUNTNO, BRANCHNO,  ACCONT_TYPE, ACCOUNT_BAL, ACCOUNT_OPEN_DATE, ACCOUNT_CLOSE_DATE) values ('5048376808556994','BR06789','Credit Card Account',  6742, '12-Jul-2022', null);
insert into ACCOUNTS (ACCOUNTNO, BRANCHNO,  ACCONT_TYPE, ACCOUNT_BAL, ACCOUNT_OPEN_DATE, ACCOUNT_CLOSE_DATE) values ('5108754274353921','BR06789','checking account',  8121, '28-Aug-2022', '31-Mar-2016');
insert into ACCOUNTS (ACCOUNTNO, BRANCHNO,  ACCONT_TYPE, ACCOUNT_BAL, ACCOUNT_OPEN_DATE, ACCOUNT_CLOSE_DATE) values ('5048376057834936','BR00567','Credit Card Account', 99570, '26-Aug-2022', null);
insert into ACCOUNTS (ACCOUNTNO, BRANCHNO,  ACCONT_TYPE, ACCOUNT_BAL, ACCOUNT_OPEN_DATE, ACCOUNT_CLOSE_DATE) values ('5048379765286506','BR06789','saving account', 9161, '05-Sep-2022', null);
insert into ACCOUNTS (ACCOUNTNO, BRANCHNO,  ACCONT_TYPE, ACCOUNT_BAL, ACCOUNT_OPEN_DATE, ACCOUNT_CLOSE_DATE) values ('5048370865390330','BR06789','checking account', 61358, '25-Oct-2022', null);
insert into ACCOUNTS (ACCOUNTNO, BRANCHNO,  ACCONT_TYPE, ACCOUNT_BAL, ACCOUNT_OPEN_DATE, ACCOUNT_CLOSE_DATE) values ('5048377197986990','BR06789','Personel Loan account',  84818, '04-Jan-2023', null);
insert into ACCOUNTS (ACCOUNTNO, BRANCHNO, ACCONT_TYPE, ACCOUNT_BAL, ACCOUNT_OPEN_DATE, ACCOUNT_CLOSE_DATE) values ('5108755989426555','BR00567','checking account',  34745, '05-Oct-2022', null);
insert into ACCOUNTS (ACCOUNTNO, BRANCHNO,  ACCONT_TYPE, ACCOUNT_BAL, ACCOUNT_OPEN_DATE, ACCOUNT_CLOSE_DATE) values ('5108757988983214','BR05678','saving account',  8283, '04-Sep-2022', null);
insert into ACCOUNTS (ACCOUNTNO, BRANCHNO,  ACCONT_TYPE, ACCOUNT_BAL, ACCOUNT_OPEN_DATE, ACCOUNT_CLOSE_DATE) values ('5108751788020350','BR05678','Credit Card Account',  9007, '07-Jul-2022', null);
insert into ACCOUNTS (ACCOUNTNO, BRANCHNO,  ACCONT_TYPE, ACCOUNT_BAL, ACCOUNT_OPEN_DATE, ACCOUNT_CLOSE_DATE) values ('5108759698488922','BR01234','Credit Card Account',  6223, '12-Sep-2022', null);
insert into ACCOUNTS (ACCOUNTNO, BRANCHNO, ACCONT_TYPE, ACCOUNT_BAL, ACCOUNT_OPEN_DATE, ACCOUNT_CLOSE_DATE) values ('5108758459597558','BR05678','Credit Card Account',  74194, '12-Aug-2022', '18-Mar-2014');
insert into ACCOUNTS (ACCOUNTNO, BRANCHNO,  ACCONT_TYPE, ACCOUNT_BAL, ACCOUNT_OPEN_DATE, ACCOUNT_CLOSE_DATE) values ('5108756953143630','BR05678','checking account',  2925, '12-Dec-2022', '30-Jan-2019');
insert into ACCOUNTS (ACCOUNTNO, BRANCHNO,  ACCONT_TYPE, ACCOUNT_BAL, ACCOUNT_OPEN_DATE, ACCOUNT_CLOSE_DATE) values ('5048370452158744','BR05678','saving account',  4448, '25-Oct-2022', null);
insert into ACCOUNTS (ACCOUNTNO, BRANCHNO,  ACCONT_TYPE, ACCOUNT_BAL, ACCOUNT_OPEN_DATE, ACCOUNT_CLOSE_DATE) values ('5108756112546699','BR00123','Credit Card Account',  40608, '02-Nov-2022', '20-Dec-2017');
insert into ACCOUNTS (ACCOUNTNO, BRANCHNO,  ACCONT_TYPE, ACCOUNT_BAL, ACCOUNT_OPEN_DATE, ACCOUNT_CLOSE_DATE) values ('5048378616011089','BR05678','checking account',  387493, '05-Jul-2022', null);
insert into ACCOUNTS (ACCOUNTNO, BRANCHNO,  ACCONT_TYPE, ACCOUNT_BAL, ACCOUNT_OPEN_DATE, ACCOUNT_CLOSE_DATE) values ('5108755382052487','BR05678','checking account',  552687, '10-Oct-2022', null);
insert into ACCOUNTS (ACCOUNTNO, BRANCHNO,  ACCONT_TYPE, ACCOUNT_BAL, ACCOUNT_OPEN_DATE, ACCOUNT_CLOSE_DATE) values ('5048373053522912','BR05678','Personel Loan account',  478664, '26-Dec-2022', null);
insert into ACCOUNTS (ACCOUNTNO, BRANCHNO,  ACCONT_TYPE, ACCOUNT_BAL, ACCOUNT_OPEN_DATE, ACCOUNT_CLOSE_DATE) values ('5108750850482944','BR05678','checking account',  863614, '28-Sep-2022', null);
insert into ACCOUNTS (ACCOUNTNO, BRANCHNO,  ACCONT_TYPE, ACCOUNT_BAL, ACCOUNT_OPEN_DATE, ACCOUNT_CLOSE_DATE) values ('5108753291848855','BR00123', 'Personel Loan account', 33986, '07-Aug-2022', '07-Feb-2017');
insert into ACCOUNTS (ACCOUNTNO, BRANCHNO,  ACCONT_TYPE, ACCOUNT_BAL, ACCOUNT_OPEN_DATE, ACCOUNT_CLOSE_DATE) values ('5048373130879459','BR05678','saving account',  93257, '04-Jan-2023', null);
insert into ACCOUNTS (ACCOUNTNO, BRANCHNO,  ACCONT_TYPE, ACCOUNT_BAL, ACCOUNT_OPEN_DATE, ACCOUNT_CLOSE_DATE) values ('5108752258483490','BR05678','checking account',  39514, '11-Dec-2022', null);
insert into ACCOUNTS (ACCOUNTNO, BRANCHNO,  ACCONT_TYPE, ACCOUNT_BAL, ACCOUNT_OPEN_DATE, ACCOUNT_CLOSE_DATE) values ('5108753431129232','BR01234','checking account',  83201, '13-Dec-2022', null);
insert into ACCOUNTS (ACCOUNTNO, BRANCHNO,  ACCONT_TYPE, ACCOUNT_BAL, ACCOUNT_OPEN_DATE, ACCOUNT_CLOSE_DATE) values ('5108757310960781','BR07890','saving account',  85621, '21-Aug-2022', null);
insert into ACCOUNTS (ACCOUNTNO, BRANCHNO,  ACCONT_TYPE, ACCOUNT_BAL, ACCOUNT_OPEN_DATE, ACCOUNT_CLOSE_DATE) values ('5048372061334302','BR00123', 'Credit Card Account', 94355, '28-Jul-2022', null);
insert into ACCOUNTS (ACCOUNTNO, BRANCHNO,  ACCONT_TYPE, ACCOUNT_BAL, ACCOUNT_OPEN_DATE, ACCOUNT_CLOSE_DATE) values ('5048374651773774','BR05678','Personel Loan account',  34106, '23-Dec-2022', null);
insert into ACCOUNTS (ACCOUNTNO, BRANCHNO,  ACCONT_TYPE, ACCOUNT_BAL, ACCOUNT_OPEN_DATE, ACCOUNT_CLOSE_DATE) values ('5048377842004983', 'BR05678','Credit Card Account', 9988, '26-Aug-2022', null);
insert into ACCOUNTS (ACCOUNTNO, BRANCHNO, ACCONT_TYPE, ACCOUNT_BAL, ACCOUNT_OPEN_DATE, ACCOUNT_CLOSE_DATE) values ('5048376108996981','BR00567', 'Personel Loan account', 598841, '15-Aug-2022', null);
insert into ACCOUNTS (ACCOUNTNO, BRANCHNO, ACCONT_TYPE, ACCOUNT_BAL, ACCOUNT_OPEN_DATE, ACCOUNT_CLOSE_DATE) values ('5108755946181491','BR05678', 'Credit Card Account', 41773, '07-Sep-2022', null);
insert into ACCOUNTS (ACCOUNTNO, BRANCHNO,  ACCONT_TYPE, ACCOUNT_BAL, ACCOUNT_OPEN_DATE, ACCOUNT_CLOSE_DATE) values ('5108758874528295','BR03456' ,'Personel Loan account', 4451, '28-Dec-2022', null);
insert into ACCOUNTS (ACCOUNTNO, BRANCHNO,  ACCONT_TYPE, ACCOUNT_BAL, ACCOUNT_OPEN_DATE, ACCOUNT_CLOSE_DATE) values ('5108755500325914','BR00123','checking account',  2701, '03-Jan-2023', null);
insert into ACCOUNTS (ACCOUNTNO, BRANCHNO,  ACCONT_TYPE, ACCOUNT_BAL, ACCOUNT_OPEN_DATE, ACCOUNT_CLOSE_DATE) values ('5108753472423361','BR05678', 'Personel Loan account', 44216, '11-Sep-2022', null);
insert into ACCOUNTS (ACCOUNTNO, BRANCHNO,  ACCONT_TYPE, ACCOUNT_BAL, ACCOUNT_OPEN_DATE, ACCOUNT_CLOSE_DATE) values ('5108751890443656','BR03456','saving account',  50493, '03-Jan-2023', null);
insert into ACCOUNTS (ACCOUNTNO, BRANCHNO, ACCONT_TYPE, ACCOUNT_BAL, ACCOUNT_OPEN_DATE, ACCOUNT_CLOSE_DATE) values ('5048375259936333','BR05678', 'Credit Card Account', 37984, '23-Nov-2022', '06-Aug-2018');
insert into ACCOUNTS (ACCOUNTNO, BRANCHNO,  ACCONT_TYPE, ACCOUNT_BAL, ACCOUNT_OPEN_DATE, ACCOUNT_CLOSE_DATE) values ('5108758076490682','BR05678','checking account',  29204, '28-Dec-2022', null);
insert into ACCOUNTS (ACCOUNTNO, BRANCHNO,  ACCONT_TYPE, ACCOUNT_BAL, ACCOUNT_OPEN_DATE, ACCOUNT_CLOSE_DATE) values ('5048373606917775','BR02345', 'Personel Loan account', 26262, '16-Jul-2022', null);
insert into ACCOUNTS (ACCOUNTNO, BRANCHNO,  ACCONT_TYPE, ACCOUNT_BAL, ACCOUNT_OPEN_DATE, ACCOUNT_CLOSE_DATE) values ('5108758166239338','BR05678', 'Personel Loan account', 25111, '17-Nov-2022', null);
insert into ACCOUNTS (ACCOUNTNO, BRANCHNO,  ACCONT_TYPE, ACCOUNT_BAL, ACCOUNT_OPEN_DATE, ACCOUNT_CLOSE_DATE) values ('5048376149516947','BR03456','saving account', 67025, '16-Aug-2022', null);
insert into ACCOUNTS (ACCOUNTNO, BRANCHNO,  ACCONT_TYPE, ACCOUNT_BAL, ACCOUNT_OPEN_DATE, ACCOUNT_CLOSE_DATE) values ('5108755199504241','BR05678','checking account',  7885, '07-Aug-2022', null);
insert into ACCOUNTS (ACCOUNTNO, BRANCHNO,  ACCONT_TYPE, ACCOUNT_BAL, ACCOUNT_OPEN_DATE, ACCOUNT_CLOSE_DATE) values ('5108758288562617','BR01234','checking account',  1476, '17-Aug-2022', '13-Mar-2016');
insert into ACCOUNTS (ACCOUNTNO, BRANCHNO,  ACCONT_TYPE, ACCOUNT_BAL, ACCOUNT_OPEN_DATE, ACCOUNT_CLOSE_DATE) values ('5048374948178712','BR02345','checking account',9559, '30-Dec-2022', null);
insert into ACCOUNTS (ACCOUNTNO, BRANCHNO,  ACCONT_TYPE, ACCOUNT_BAL, ACCOUNT_OPEN_DATE, ACCOUNT_CLOSE_DATE) values ('5048371935016236','BR02345','checking account',  901, '04-Dec-2022', null);
insert into ACCOUNTS (ACCOUNTNO, BRANCHNO,  ACCONT_TYPE, ACCOUNT_BAL, ACCOUNT_OPEN_DATE, ACCOUNT_CLOSE_DATE) values ('5048375933707423','BR07890', 'Credit Card Account', 8624, '16-Oct-2022', null);
insert into ACCOUNTS (ACCOUNTNO, BRANCHNO, ACCONT_TYPE, ACCOUNT_BAL, ACCOUNT_OPEN_DATE, ACCOUNT_CLOSE_DATE) values ('5108754615051317','BR00123','Personel Loan account',  7816, '10-Aug-2022', null);
insert into ACCOUNTS (ACCOUNTNO, BRANCHNO,  ACCONT_TYPE, ACCOUNT_BAL, ACCOUNT_OPEN_DATE, ACCOUNT_CLOSE_DATE) values ('5048374115339014','BR07890','checking account',  6688, '12-Nov-2022', null);
insert into ACCOUNTS (ACCOUNTNO, BRANCHNO,  ACCONT_TYPE, ACCOUNT_BAL, ACCOUNT_OPEN_DATE, ACCOUNT_CLOSE_DATE) values ('5108757642920800','BR08901','Personel Loan account',  906, '13-Jul-2022', '16-May-2016');
insert into ACCOUNTS (ACCOUNTNO, BRANCHNO,  ACCONT_TYPE, ACCOUNT_BAL, ACCOUNT_OPEN_DATE, ACCOUNT_CLOSE_DATE) values ('5048371550915233','BR02345','Personel Loan account',  821, '12-Aug-2022', null);
insert into ACCOUNTS (ACCOUNTNO, BRANCHNO,  ACCONT_TYPE, ACCOUNT_BAL, ACCOUNT_OPEN_DATE, ACCOUNT_CLOSE_DATE) values ('5108750729136630','BR08901','Personel Loan account',  10561, '02-Dec-2022', '23-Jan-2021');
insert into ACCOUNTS (ACCOUNTNO, BRANCHNO,  ACCONT_TYPE, ACCOUNT_BAL, ACCOUNT_OPEN_DATE, ACCOUNT_CLOSE_DATE) values ('5108753909687596','BR03456','saving account',  10796, '30-Jul-2022', null);
insert into ACCOUNTS (ACCOUNTNO, BRANCHNO, ACCONT_TYPE, ACCOUNT_BAL, ACCOUNT_OPEN_DATE, ACCOUNT_CLOSE_DATE) values ('5048372260669144', 'BR02345','Personel Loan account', 8349, '07-Jul-2022', null);
insert into ACCOUNTS (ACCOUNTNO, BRANCHNO, ACCONT_TYPE, ACCOUNT_BAL, ACCOUNT_OPEN_DATE, ACCOUNT_CLOSE_DATE) values ('5048373271124053', 'BR08901','Personel Loan account', 732471, '03-Aug-2022', '30-Oct-2019');
insert into ACCOUNTS (ACCOUNTNO, BRANCHNO,  ACCONT_TYPE, ACCOUNT_BAL, ACCOUNT_OPEN_DATE, ACCOUNT_CLOSE_DATE) values ('5048370308162023','BR03456','saving account', 7929, '12-Dec-2022', null);
insert into ACCOUNTS (ACCOUNTNO, BRANCHNO,  ACCONT_TYPE, ACCOUNT_BAL, ACCOUNT_OPEN_DATE, ACCOUNT_CLOSE_DATE) values ('5108756215527497','BR01234','checking account',  93900, '03-Nov-2022', null);
insert into ACCOUNTS (ACCOUNTNO, BRANCHNO,  ACCONT_TYPE, ACCOUNT_BAL, ACCOUNT_OPEN_DATE, ACCOUNT_CLOSE_DATE) values ('5048379171895197','BR04567','checking account',  71404, '03-Jan-2023', null);
insert into ACCOUNTS (ACCOUNTNO, BRANCHNO,  ACCONT_TYPE, ACCOUNT_BAL, ACCOUNT_OPEN_DATE, ACCOUNT_CLOSE_DATE) values ('5108758258775421','BR04567','checking account',  81785, '06-Oct-2022', '14-Apr-2018');
insert into ACCOUNTS (ACCOUNTNO, BRANCHNO,  ACCONT_TYPE, ACCOUNT_BAL, ACCOUNT_OPEN_DATE, ACCOUNT_CLOSE_DATE) values ('5108759785532525', 'BR02345','Personel Loan account', 8704, '08-Sep-2022', null);
insert into ACCOUNTS (ACCOUNTNO, BRANCHNO,  ACCONT_TYPE, ACCOUNT_BAL, ACCOUNT_OPEN_DATE, ACCOUNT_CLOSE_DATE) values ('5108753902133283','BR04567','checking account', 2773, '06-Jul-2022', null);
insert into ACCOUNTS (ACCOUNTNO, BRANCHNO,  ACCONT_TYPE, ACCOUNT_BAL, ACCOUNT_OPEN_DATE, ACCOUNT_CLOSE_DATE) values ('5048371802887248','BR04567','Credit Card Account',  5244, '07-Aug-2022', null);
insert into ACCOUNTS (ACCOUNTNO, BRANCHNO,  ACCONT_TYPE, ACCOUNT_BAL, ACCOUNT_OPEN_DATE, ACCOUNT_CLOSE_DATE) values ('5108756582305352','BR01234','checking account',  92746, '28-Jul-2022', null);
insert into ACCOUNTS (ACCOUNTNO, BRANCHNO,  ACCONT_TYPE, ACCOUNT_BAL, ACCOUNT_OPEN_DATE, ACCOUNT_CLOSE_DATE) values ('5108758431843286','BR08901','Credit Card Account', 74029, '28-Dec-2022', null);
insert into ACCOUNTS (ACCOUNTNO, BRANCHNO,  ACCONT_TYPE, ACCOUNT_BAL, ACCOUNT_OPEN_DATE, ACCOUNT_CLOSE_DATE) values ('5048375799982474','BR02345','saving account',  68521, '14-Dec-2022', null);
insert into ACCOUNTS (ACCOUNTNO, BRANCHNO,  ACCONT_TYPE, ACCOUNT_BAL, ACCOUNT_OPEN_DATE, ACCOUNT_CLOSE_DATE) values ('5108752502048354','BR08901','checking account',  1428, '03-Oct-2022', null);
insert into ACCOUNTS (ACCOUNTNO, BRANCHNO,  ACCONT_TYPE, ACCOUNT_BAL, ACCOUNT_OPEN_DATE, ACCOUNT_CLOSE_DATE) values ('5048374768457949','BR02345', 'Personel Loan account', 6613, '31-Dec-2022', null);
insert into ACCOUNTS (ACCOUNTNO, BRANCHNO,  ACCONT_TYPE, ACCOUNT_BAL, ACCOUNT_OPEN_DATE, ACCOUNT_CLOSE_DATE) values ('5048371836509321','BR08901','checking account',  14799, '26-Nov-2022', null);
insert into ACCOUNTS (ACCOUNTNO, BRANCHNO,  ACCONT_TYPE, ACCOUNT_BAL, ACCOUNT_OPEN_DATE, ACCOUNT_CLOSE_DATE) values ('5048371451460834', 'BR08901','Personel Loan account', 3194, '28-Aug-2022', null);
insert into ACCOUNTS (ACCOUNTNO, BRANCHNO,  ACCONT_TYPE, ACCOUNT_BAL, ACCOUNT_OPEN_DATE, ACCOUNT_CLOSE_DATE) values ('5108753821252347','BR03456','Credit Card Account',  53577, '22-Aug-2022', null);
insert into ACCOUNTS (ACCOUNTNO, BRANCHNO,  ACCONT_TYPE, ACCOUNT_BAL, ACCOUNT_OPEN_DATE, ACCOUNT_CLOSE_DATE)values ('5108751867138248','BR00567','checking account',   60657, '23-Nov-2022', null); --nuu
insert into ACCOUNTS (ACCOUNTNO, BRANCHNO,  ACCONT_TYPE, ACCOUNT_BAL, ACCOUNT_OPEN_DATE, ACCOUNT_CLOSE_DATE) values ('5048373085142754','BR02345', 'Personel Loan account', 3035, '05-Oct-2022', null);
insert into ACCOUNTS (ACCOUNTNO, BRANCHNO,  ACCONT_TYPE, ACCOUNT_BAL, ACCOUNT_OPEN_DATE, ACCOUNT_CLOSE_DATE) values ('5108759594593957','BR08901','checking account',  9488, '10-Dec-2022', null);
insert into ACCOUNTS (ACCOUNTNO, BRANCHNO,  ACCONT_TYPE, ACCOUNT_BAL, ACCOUNT_OPEN_DATE, ACCOUNT_CLOSE_DATE) values ('5048370493967418', 'BR03456','Personel Loan account', 83755, '27-Dec-2022', null);
insert into ACCOUNTS (ACCOUNTNO, BRANCHNO,  ACCONT_TYPE, ACCOUNT_BAL, ACCOUNT_OPEN_DATE, ACCOUNT_CLOSE_DATE) values ('5108752396729523','BR03456',  'Personel Loan account',62938, '21-Aug-2022', null);
insert into ACCOUNTS (ACCOUNTNO, BRANCHNO,  ACCONT_TYPE, ACCOUNT_BAL, ACCOUNT_OPEN_DATE, ACCOUNT_CLOSE_DATE) values ('5108752693370013','BR03456','saving account',  89446, '01-Sep-2022', null);
insert into ACCOUNTS (ACCOUNTNO, BRANCHNO,  ACCONT_TYPE, ACCOUNT_BAL, ACCOUNT_OPEN_DATE, ACCOUNT_CLOSE_DATE) values ('5108751287129363','BR00567','Personel Loan account',  22121, '09-Jul-2022', null);
insert into ACCOUNTS (ACCOUNTNO, BRANCHNO,  ACCONT_TYPE, ACCOUNT_BAL, ACCOUNT_OPEN_DATE, ACCOUNT_CLOSE_DATE) values ('5048376556456652','BR04567','checking account',  90604, '27-Jul-2022', null);
insert into ACCOUNTS (ACCOUNTNO, BRANCHNO,  ACCONT_TYPE, ACCOUNT_BAL, ACCOUNT_OPEN_DATE, ACCOUNT_CLOSE_DATE) values ('5108753678294228','BR04567','checking account',  3750, '18-Oct-2022', null);
insert into ACCOUNTS (ACCOUNTNO, BRANCHNO,  ACCONT_TYPE, ACCOUNT_BAL, ACCOUNT_OPEN_DATE, ACCOUNT_CLOSE_DATE) values ('5108758483497338','BR01234', 'Credit Card Account', 5450, '07-Aug-2022', null);
insert into ACCOUNTS (ACCOUNTNO, BRANCHNO, ACCONT_TYPE, ACCOUNT_BAL, ACCOUNT_OPEN_DATE, ACCOUNT_CLOSE_DATE) values ('5108754432788000','BR03456','checking account',  10999, '22-Oct-2022', null);
insert into ACCOUNTS (ACCOUNTNO, BRANCHNO,  ACCONT_TYPE, ACCOUNT_BAL, ACCOUNT_OPEN_DATE, ACCOUNT_CLOSE_DATE) values ('5048378535887544','BR00567','Personel Loan account',  3774, '07-Jul-2022', null);
insert into ACCOUNTS (ACCOUNTNO, BRANCHNO,  ACCONT_TYPE, ACCOUNT_BAL, ACCOUNT_OPEN_DATE, ACCOUNT_CLOSE_DATE) values ('5108755101643780','BR03456','checking account',  81987, '15-Dec-2022', null);
insert into ACCOUNTS (ACCOUNTNO, BRANCHNO,  ACCONT_TYPE, ACCOUNT_BAL, ACCOUNT_OPEN_DATE, ACCOUNT_CLOSE_DATE) values ('5048377263400579','BR02345', 'Personel Loan account', 54155, '30-Jul-2022', null);
insert into ACCOUNTS (ACCOUNTNO, BRANCHNO,  ACCONT_TYPE, ACCOUNT_BAL, ACCOUNT_OPEN_DATE, ACCOUNT_CLOSE_DATE) values ('5108755655572468','BR01234','checking account',  75952, '12-Dec-2022', null);
insert into ACCOUNTS (ACCOUNTNO, BRANCHNO,  ACCONT_TYPE, ACCOUNT_BAL, ACCOUNT_OPEN_DATE, ACCOUNT_CLOSE_DATE) values ('5048375613966877','BR03456','Credit Card Account', 29140, '03-Jan-2023', null);
insert into ACCOUNTS (ACCOUNTNO, BRANCHNO,  ACCONT_TYPE, ACCOUNT_BAL, ACCOUNT_OPEN_DATE, ACCOUNT_CLOSE_DATE) values ('5108752964434555','BR00567','saving account',  86309, '24-Aug-2022', null);
insert into ACCOUNTS (ACCOUNTNO, BRANCHNO,  ACCONT_TYPE, ACCOUNT_BAL, ACCOUNT_OPEN_DATE, ACCOUNT_CLOSE_DATE) values ('5048378029888586','BR06789', 'Personel Loan account', 68336, '26-Oct-2022', null);
insert into ACCOUNTS (ACCOUNTNO, BRANCHNO,  ACCONT_TYPE, ACCOUNT_BAL, ACCOUNT_OPEN_DATE, ACCOUNT_CLOSE_DATE) values ('5108750811760628','BR08901','saving account',  2365, '10-Jul-2022', null);
insert into ACCOUNTS (ACCOUNTNO, BRANCHNO,  ACCONT_TYPE, ACCOUNT_BAL, ACCOUNT_OPEN_DATE, ACCOUNT_CLOSE_DATE) values ('5048372940109768','BR03456','checking account',  9669, '09-Oct-2022', null);
insert into ACCOUNTS (ACCOUNTNO, BRANCHNO,  ACCONT_TYPE, ACCOUNT_BAL, ACCOUNT_OPEN_DATE, ACCOUNT_CLOSE_DATE) values ('5108755314054239','BR01234', 'checking account', 73730, '11-Jul-2022', null);
insert into ACCOUNTS (ACCOUNTNO, BRANCHNO, ACCONT_TYPE, ACCOUNT_BAL, ACCOUNT_OPEN_DATE, ACCOUNT_CLOSE_DATE) values ('5108758745386188','BR08901','saving account',  3286, '21-Dec-2022', null);
insert into ACCOUNTS (ACCOUNTNO, BRANCHNO, ACCONT_TYPE, ACCOUNT_BAL, ACCOUNT_OPEN_DATE, ACCOUNT_CLOSE_DATE) values ('5048372238591792','BR01234','saving account',  32911, '24-Oct-2022', null);
 

--TRANSACTION DATA

insert into TRANSACTIONS (TRANSACTION_NO,ACCOUNTNO, TRANSACTION_DATE, TRANSACTION_AMOUNT) values (3388,'5048372910387527', '25-Oct-2020', 57641.56);
insert into TRANSACTIONS (TRANSACTION_NO,ACCOUNTNO, TRANSACTION_DATE, TRANSACTION_AMOUNT) values (3088,'5048372238591792', '13-Feb-2013', 427163.79);
insert into TRANSACTIONS (TRANSACTION_NO,ACCOUNTNO, TRANSACTION_DATE, TRANSACTION_AMOUNT) values (3331,'5108758745386188', '16-Aug-2019', 882442.12);
insert into TRANSACTIONS (TRANSACTION_NO,ACCOUNTNO, TRANSACTION_DATE, TRANSACTION_AMOUNT) values (3185,'5048372940109768', '28-Sep-2015', 982746.7);
insert into TRANSACTIONS (TRANSACTION_NO,ACCOUNTNO, TRANSACTION_DATE, TRANSACTION_AMOUNT) values (3947,'5048378029888586','10-Aug-2012', 827644.53);
insert into TRANSACTIONS (TRANSACTION_NO,ACCOUNTNO, TRANSACTION_DATE, TRANSACTION_AMOUNT) values (3985,'5048377263400579', '22-Oct-2013', 684753.39);
insert into TRANSACTIONS (TRANSACTION_NO,ACCOUNTNO, TRANSACTION_DATE, TRANSACTION_AMOUNT) values (3957,'5048378535887544', '11-Jun-2021', 166367.6);
insert into TRANSACTIONS (TRANSACTION_NO,ACCOUNTNO, TRANSACTION_DATE, TRANSACTION_AMOUNT) values (3301,'5108754432788000', '26-Feb-2022', 777487.4);
insert into TRANSACTIONS (TRANSACTION_NO,ACCOUNTNO, TRANSACTION_DATE, TRANSACTION_AMOUNT) values (3605,'5108753678294228', '19-Sep-2020', 839338.42);
insert into TRANSACTIONS (TRANSACTION_NO,ACCOUNTNO, TRANSACTION_DATE, TRANSACTION_AMOUNT) values (3114,'5048376556456652', '01-Aug-2014', 558311.09);
insert into TRANSACTIONS (TRANSACTION_NO,ACCOUNTNO, TRANSACTION_DATE, TRANSACTION_AMOUNT) values (3733,'5108751287129363', '22-Dec-2015', 241177.65);
insert into TRANSACTIONS (TRANSACTION_NO,ACCOUNTNO, TRANSACTION_DATE, TRANSACTION_AMOUNT) values (3216,'5108752693370013', '29-Aug-2016', 620239.5);
insert into TRANSACTIONS (TRANSACTION_NO,ACCOUNTNO, TRANSACTION_DATE, TRANSACTION_AMOUNT) values (3126,'5108752396729523', '06-Feb-2016', 601939.11);
insert into TRANSACTIONS (TRANSACTION_NO,ACCOUNTNO, TRANSACTION_DATE, TRANSACTION_AMOUNT) values (3872,'5048370493967418', '01-Nov-2013', 334365.59);
insert into TRANSACTIONS (TRANSACTION_NO,ACCOUNTNO, TRANSACTION_DATE, TRANSACTION_AMOUNT) values (3800,'5048373085142754', '01-Feb-2012', 84826.06);
insert into TRANSACTIONS (TRANSACTION_NO,ACCOUNTNO, TRANSACTION_DATE, TRANSACTION_AMOUNT) values (3907,'5048371550915233', '07-Jul-2016', 539279.53);
insert into TRANSACTIONS (TRANSACTION_NO,ACCOUNTNO, TRANSACTION_DATE, TRANSACTION_AMOUNT) values (3636,'5048379171895197', '27-Jun-2014', 945376.92);
insert into TRANSACTIONS (TRANSACTION_NO,ACCOUNTNO, TRANSACTION_DATE, TRANSACTION_AMOUNT) values (3511,'5108756796265574', '06-Feb-2014', 127351.28);
insert into TRANSACTIONS (TRANSACTION_NO,ACCOUNTNO, TRANSACTION_DATE, TRANSACTION_AMOUNT) values (3153,'5048375933707423', '04-Jul-2012', 893451.92);
insert into TRANSACTIONS (TRANSACTION_NO,ACCOUNTNO, TRANSACTION_DATE, TRANSACTION_AMOUNT) values (3514,'5048373271124053', '12-Jan-2014', 924689.32);
insert into TRANSACTIONS (TRANSACTION_NO,ACCOUNTNO, TRANSACTION_DATE, TRANSACTION_AMOUNT) values (3516,'5048374651773774', '02-Mar-2020', 278079.79);
insert into TRANSACTIONS (TRANSACTION_NO,ACCOUNTNO, TRANSACTION_DATE, TRANSACTION_AMOUNT) values (3809,'5048370308162023', '15-Aug-2018', 742615.23);
insert into TRANSACTIONS (TRANSACTION_NO,ACCOUNTNO, TRANSACTION_DATE, TRANSACTION_AMOUNT) values (3159,'5048372588705109', '03-Jan-2022', 701160.59);
insert into TRANSACTIONS (TRANSACTION_NO,ACCOUNTNO, TRANSACTION_DATE, TRANSACTION_AMOUNT) values (3597,'5048378616011089', '27-Jan-2017', 74783.67);
insert into TRANSACTIONS (TRANSACTION_NO,ACCOUNTNO, TRANSACTION_DATE, TRANSACTION_AMOUNT) values (3992,'5108756112546699', '08-Nov-2011', 469790.53);
insert into TRANSACTIONS (TRANSACTION_NO,ACCOUNTNO, TRANSACTION_DATE, TRANSACTION_AMOUNT) values (3510,'5108755500325914', '11-Nov-2012', 848512.75);
insert into TRANSACTIONS (TRANSACTION_NO,ACCOUNTNO, TRANSACTION_DATE, TRANSACTION_AMOUNT) values (3006,'5108759785532525', '09-Dec-2014', 206322.11);
insert into TRANSACTIONS (TRANSACTION_NO,ACCOUNTNO, TRANSACTION_DATE, TRANSACTION_AMOUNT) values (3735,'5108751123489492', '20-Mar-2015', 79178.88);
insert into TRANSACTIONS (TRANSACTION_NO,ACCOUNTNO,TRANSACTION_DATE,  TRANSACTION_AMOUNT) values  (3209,'5108753902133283', '12-Apr-2020', 94253.52);
insert into TRANSACTIONS (TRANSACTION_NO,ACCOUNTNO, TRANSACTION_DATE, TRANSACTION_AMOUNT) values (3577,'5108752258483490', '19-Jun-2017', 6749.06);
insert into TRANSACTIONS (TRANSACTION_NO,ACCOUNTNO, TRANSACTION_DATE, TRANSACTION_AMOUNT) values (3589,'5048370865390330', '21-Aug-2012', 276391.48);
insert into TRANSACTIONS (TRANSACTION_NO,ACCOUNTNO, TRANSACTION_DATE, TRANSACTION_AMOUNT) values (3984,'5048374948178712', '08-Jul-2015', 390095.94);
insert into TRANSACTIONS (TRANSACTION_NO,ACCOUNTNO, TRANSACTION_DATE, TRANSACTION_AMOUNT) values (3959,'5048371935016236', '16-Jan-2018', 583858.31);
insert into TRANSACTIONS (TRANSACTION_NO,ACCOUNTNO, TRANSACTION_DATE, TRANSACTION_AMOUNT) values (3439,'5108755759437808', '07-Oct-2015', 721830.65);



--Loan Data
insert into LOAN (LOANNO,BRANCHNO, LOAN_AMOUNT, LOAN_STARTDATE) values (2744,'BR00123', 706168, '25-Sep-2010');
insert into LOAN (LOANNO,BRANCHNO, LOAN_AMOUNT, LOAN_STARTDATE) values (2596,'BR02345', 272349, '06-Jun-2015');
insert into LOAN (LOANNO,BRANCHNO, LOAN_AMOUNT, LOAN_STARTDATE) values (2302,'BR07890', 83963, '31-Aug-2018');
insert into LOAN (LOANNO,BRANCHNO, LOAN_AMOUNT, LOAN_STARTDATE) values (2666, 'BR00123',796318, '07-May-2011');
insert into LOAN (LOANNO,BRANCHNO, LOAN_AMOUNT, LOAN_STARTDATE) values (2759,'BR02345', 315421, '25-Dec-2021');
insert into LOAN (LOANNO,BRANCHNO, LOAN_AMOUNT, LOAN_STARTDATE) values (2599,'BR07890', 570439, '23-Apr-2021');
insert into LOAN (LOANNO,BRANCHNO, LOAN_AMOUNT, LOAN_STARTDATE) values (2734, 'BR00123',341897, '06-Feb-2015');
insert into LOAN (LOANNO,BRANCHNO, LOAN_AMOUNT, LOAN_STARTDATE) values (2265,'BR08901',  838901, '06-Jul-2021');
insert into LOAN (LOANNO,BRANCHNO, LOAN_AMOUNT, LOAN_STARTDATE) values (2172,'BR02345', 509953, '24-Jan-2014');
insert into LOAN (LOANNO,BRANCHNO, LOAN_AMOUNT, LOAN_STARTDATE) values (2760,'BR08901',  557200, '30-Jul-2013');
insert into LOAN (LOANNO,BRANCHNO, LOAN_AMOUNT, LOAN_STARTDATE) values (2409,'BR00123', 12576, '27-Jun-2019');
insert into LOAN (LOANNO,BRANCHNO, LOAN_AMOUNT, LOAN_STARTDATE) values (2691,'BR03456', 131974, '18-Jan-2015');
insert into LOAN (LOANNO,BRANCHNO, LOAN_AMOUNT, LOAN_STARTDATE) values (2850, 'BR04567',912796, '21-Dec-2015');
insert into LOAN (LOANNO,BRANCHNO, LOAN_AMOUNT, LOAN_STARTDATE) values (2801, 'BR03456',721596, '10-May-2014');
insert into LOAN (LOANNO,BRANCHNO, LOAN_AMOUNT, LOAN_STARTDATE) values (2147, 'BR03456',693062, '23-Jul-2019');
insert into LOAN (LOANNO,BRANCHNO, LOAN_AMOUNT, LOAN_STARTDATE) values (2944,'BR04567', 588796, '24-Nov-2011');
insert into LOAN (LOANNO,BRANCHNO, LOAN_AMOUNT, LOAN_STARTDATE) values (2387,'BR01234', 948546, '11-Sep-2015');
insert into LOAN (LOANNO,BRANCHNO, LOAN_AMOUNT, LOAN_STARTDATE) values (2855,'BR00567', 727627, '12-Jul-2018');
insert into LOAN (LOANNO,BRANCHNO, LOAN_AMOUNT, LOAN_STARTDATE) values (2210, 'BR05678',70235, '19-Oct-2021');
insert into LOAN (LOANNO,BRANCHNO, LOAN_AMOUNT, LOAN_STARTDATE) values (2168,'BR01234', 692834, '03-Dec-2011');
insert into LOAN (LOANNO,BRANCHNO, LOAN_AMOUNT, LOAN_STARTDATE) values (2090,'BR00567', 586044, '10-Jun-2018');
insert into LOAN (LOANNO,BRANCHNO, LOAN_AMOUNT, LOAN_STARTDATE) values (2908,'BR05678', 188207, '17-Feb-2011');
insert into LOAN (LOANNO,BRANCHNO, LOAN_AMOUNT, LOAN_STARTDATE) values (2411,'BR00567', 527052, '11-Jan-2011');
insert into LOAN (LOANNO,BRANCHNO,LOAN_AMOUNT, LOAN_STARTDATE)  values (2128, 'BR06789', 172416, '17-Sep-2011');
insert into LOAN (LOANNO,BRANCHNO, LOAN_AMOUNT, LOAN_STARTDATE) values (2553,'BR00567', 704269, '09-Jan-2012');


--LOAN CUSTOMER DATA
/*Many to many relationship between Loan And Customer. These are Joint Borrowers and
Co-signers. Two people signed for a loan*/
insert into LOAN_CUSTOMER (LOANNO, CUSTNO) values (2744,14);
insert into LOAN_CUSTOMER (LOANNO, CUSTNO) values(2666,36);
insert into LOAN_CUSTOMER (LOANNO, CUSTNO) values (2265,58);
insert into LOAN_CUSTOMER (LOANNO, CUSTNO) values (2172,3);
insert into LOAN_CUSTOMER (LOANNO, CUSTNO) values (2760,87);
insert into LOAN_CUSTOMER (LOANNO, CUSTNO) values (2801,28);


--CUSTOMER_ACCOUNTS DATA
/*Many to many relationship between customer account
We have 5 Credit Card Account which multiple people using it. Like Husband and Wife are
using same account*/
insert into CUSTOMER_ACCOUNTS (CUSTNO, ACCOUNTNO) values (4,  '5108751393615636');
insert into CUSTOMER_ACCOUNTS (CUSTNO, ACCOUNTNO) values (25, '5048376808556994');
insert into CUSTOMER_ACCOUNTS (CUSTNO, ACCOUNTNO) values (33, '5108750811760628');
insert into CUSTOMER_ACCOUNTS (CUSTNO, ACCOUNTNO) values (27, '5048375613966877');
insert into CUSTOMER_ACCOUNTS (CUSTNO, ACCOUNTNO) values (78, '5108753821252347');
